{
  "gemma3:1b-it-q4_K_M": {
    "cold_start_avg": 0.39462606112162274,
    "warm_avg": 0.16023530960083007,
    "consecutive_avg": 0.12741694450378419,
    "speedup_factor": 2.4627908923738144
  },
  "qwen3:0.6b": {
    "cold_start_avg": 0.9652864933013916,
    "warm_avg": 0.5577301025390625,
    "consecutive_avg": 0.564437747001648,
    "speedup_factor": 1.730741247257287
  },
  "gemma3:latest": {
    "cold_start_avg": 0.7943880558013916,
    "warm_avg": 0.5935440540313721,
    "consecutive_avg": 0.4210560083389282,
    "speedup_factor": 1.33838095151637
  }
}
