{
  "ground_truth": [
    3,
    5,
    7,
    12,
    16,
    18,
    21,
    24,
    30
  ],
  "results": {
    "heuristic": {
      "time": 0.0012581348419189453,
      "per_page_ms": 0.03494819005330404,
      "boundaries": [
        2,
        4,
        6,
        9,
        11,
        12,
        13,
        14,
        15,
        16,
        22,
        23,
        32,
        35
      ],
      "metrics": {
        "precision": 0.14285714285714285,
        "recall": 0.2222222222222222,
        "f1": 0.17391304347826086,
        "true_positives": 2,
        "false_positives": 12,
        "false_negatives": 7
      },
      "confidence_dist": {
        "low": 2,
        "high": 5,
        "medium": 7
      }
    }
  },
  "bottlenecks": {
    "llm_seconds_per_boundary": 40.82169755299886,
    "heuristic_f1": 0.17391304347826086,
    "estimated_cascade_seconds_per_page": 1.950312725967831
  }
}