{
  "ground_truth": [
    3,
    5,
    7,
    11,
    12,
    16,
    18,
    21,
    24,
    30,
    32,
    33,
    34
  ],
  "heuristic_only": {
    "detected": [
      6,
      9,
      11,
      12,
      13,
      14,
      15,
      16,
      22,
      32,
      35
    ],
    "f1": 0.33333333333333337,
    "precision": 0.36363636363636365,
    "recall": 0.3076923076923077
  },
  "embeddings_only": {
    "detected": [
      0,
      1,
      2,
      3,
      5,
      6,
      7,
      8,
      9,
      10,
      11,
      12,
      16,
      18,
      21,
      22,
      23,
      24,
      25,
      28,
      29,
      30,
      32,
      34
    ],
    "f1": 0.6486486486486487,
    "precision": 0.5,
    "recall": 0.9230769230769231
  },
  "combined": {
    "detected": [
      0,
      4,
      5,
      6,
      10,
      11,
      12,
      35
    ],
    "f1": 0.2857142857142857,
    "precision": 0.375,
    "recall": 0.23076923076923078,
    "time_seconds": 3.142394542694092
  }
}