{
  "best_config": {
    "weights": {
      "DetectorType.HEURISTIC": 0.7,
      "DetectorType.EMBEDDINGS": 0.30000000000000004
    },
    "precision": 0.36363636363636365,
    "recall": 1.0,
    "f1": 0.5333333333333333,
    "tp": 12,
    "fp": 21,
    "fn": 0,
    "by_case": [
      [
        "Business Documents",
        0.5714285714285714
      ],
      [
        "Legal Documents",
        0.5
      ],
      [
        "Technical Documents",
        0.5
      ],
      [
        "Mixed Format Documents",
        0.6666666666666666
      ],
      [
        "Very Short Documents",
        1.0
      ],
      [
        "No Clear Boundaries",
        0.0
      ],
      [
        "Repeated Headers",
        0.2857142857142857
      ],
      [
        "Real World Scenario",
        0.4444444444444444
      ]
    ]
  },
  "all_results": [
    {
      "weights": {
        "DetectorType.HEURISTIC": 0.0,
        "DetectorType.EMBEDDINGS": 1.0
      },
      "precision": 0.4,
      "recall": 0.3333333333333333,
      "f1": 0.3636363636363636,
      "tp": 4,
      "fp": 6,
      "fn": 8,
      "by_case": [
        [
          "Business Documents",
          0.0
        ],
        [
          "Legal Documents",
          0.0
        ],
        [
          "Technical Documents",
          0.6666666666666666
        ],
        [
          "Mixed Format Documents",
          0.6666666666666666
        ],
        [
          "Very Short Documents",
          0.5
        ],
        [
          "No Clear Boundaries",
          0.0
        ],
        [
          "Repeated Headers",
          0.3333333333333333
        ],
        [
          "Real World Scenario",
          0.0
        ]
      ]
    },
    {
      "weights": {
        "DetectorType.HEURISTIC": 0.2,
        "DetectorType.EMBEDDINGS": 0.8
      },
      "precision": 0.29411764705882354,
      "recall": 0.4166666666666667,
      "f1": 0.3448275862068966,
      "tp": 5,
      "fp": 12,
      "fn": 7,
      "by_case": [
        [
          "Business Documents",
          0.5
        ],
        [
          "Legal Documents",
          0.0
        ],
        [
          "Technical Documents",
          0.5
        ],
        [
          "Mixed Format Documents",
          0.5
        ],
        [
          "Very Short Documents",
          0.5
        ],
        [
          "No Clear Boundaries",
          0.0
        ],
        [
          "Repeated Headers",
          0.2857142857142857
        ],
        [
          "Real World Scenario",
          0.0
        ]
      ]
    },
    {
      "weights": {
        "DetectorType.HEURISTIC": 0.3,
        "DetectorType.EMBEDDINGS": 0.7
      },
      "precision": 0.4090909090909091,
      "recall": 0.75,
      "f1": 0.5294117647058824,
      "tp": 9,
      "fp": 13,
      "fn": 3,
      "by_case": [
        [
          "Business Documents",
          0.5
        ],
        [
          "Legal Documents",
          0.0
        ],
        [
          "Technical Documents",
          0.5
        ],
        [
          "Mixed Format Documents",
          0.8
        ],
        [
          "Very Short Documents",
          1.0
        ],
        [
          "No Clear Boundaries",
          0.0
        ],
        [
          "Repeated Headers",
          0.2857142857142857
        ],
        [
          "Real World Scenario",
          0.5
        ]
      ]
    },
    {
      "weights": {
        "DetectorType.HEURISTIC": 0.4,
        "DetectorType.EMBEDDINGS": 0.6
      },
      "precision": 0.391304347826087,
      "recall": 0.75,
      "f1": 0.5142857142857143,
      "tp": 9,
      "fp": 14,
      "fn": 3,
      "by_case": [
        [
          "Business Documents",
          0.5
        ],
        [
          "Legal Documents",
          0.0
        ],
        [
          "Technical Documents",
          0.5
        ],
        [
          "Mixed Format Documents",
          0.8
        ],
        [
          "Very Short Documents",
          1.0
        ],
        [
          "No Clear Boundaries",
          0.0
        ],
        [
          "Repeated Headers",
          0.2857142857142857
        ],
        [
          "Real World Scenario",
          0.4
        ]
      ]
    },
    {
      "weights": {
        "DetectorType.HEURISTIC": 0.5,
        "DetectorType.EMBEDDINGS": 0.5
      },
      "precision": 0.38461538461538464,
      "recall": 0.8333333333333334,
      "f1": 0.5263157894736842,
      "tp": 10,
      "fp": 16,
      "fn": 2,
      "by_case": [
        [
          "Business Documents",
          0.6666666666666666
        ],
        [
          "Legal Documents",
          0.0
        ],
        [
          "Technical Documents",
          0.5
        ],
        [
          "Mixed Format Documents",
          0.8
        ],
        [
          "Very Short Documents",
          1.0
        ],
        [
          "No Clear Boundaries",
          0.0
        ],
        [
          "Repeated Headers",
          0.2857142857142857
        ],
        [
          "Real World Scenario",
          0.3333333333333333
        ]
      ]
    },
    {
      "weights": {
        "DetectorType.HEURISTIC": 0.6,
        "DetectorType.EMBEDDINGS": 0.4
      },
      "precision": 0.3548387096774194,
      "recall": 0.9166666666666666,
      "f1": 0.5116279069767442,
      "tp": 11,
      "fp": 20,
      "fn": 1,
      "by_case": [
        [
          "Business Documents",
          0.5714285714285714
        ],
        [
          "Legal Documents",
          0.6666666666666666
        ],
        [
          "Technical Documents",
          0.5
        ],
        [
          "Mixed Format Documents",
          0.6666666666666666
        ],
        [
          "Very Short Documents",
          1.0
        ],
        [
          "No Clear Boundaries",
          0.0
        ],
        [
          "Repeated Headers",
          0.2857142857142857
        ],
        [
          "Real World Scenario",
          0.25
        ]
      ]
    },
    {
      "weights": {
        "DetectorType.HEURISTIC": 0.7,
        "DetectorType.EMBEDDINGS": 0.30000000000000004
      },
      "precision": 0.36363636363636365,
      "recall": 1.0,
      "f1": 0.5333333333333333,
      "tp": 12,
      "fp": 21,
      "fn": 0,
      "by_case": [
        [
          "Business Documents",
          0.5714285714285714
        ],
        [
          "Legal Documents",
          0.5
        ],
        [
          "Technical Documents",
          0.5
        ],
        [
          "Mixed Format Documents",
          0.6666666666666666
        ],
        [
          "Very Short Documents",
          1.0
        ],
        [
          "No Clear Boundaries",
          0.0
        ],
        [
          "Repeated Headers",
          0.2857142857142857
        ],
        [
          "Real World Scenario",
          0.4444444444444444
        ]
      ]
    },
    {
      "weights": {
        "DetectorType.HEURISTIC": 0.8,
        "DetectorType.EMBEDDINGS": 0.19999999999999996
      },
      "precision": 0.35294117647058826,
      "recall": 1.0,
      "f1": 0.5217391304347826,
      "tp": 12,
      "fp": 22,
      "fn": 0,
      "by_case": [
        [
          "Business Documents",
          0.5714285714285714
        ],
        [
          "Legal Documents",
          0.5
        ],
        [
          "Technical Documents",
          0.4
        ],
        [
          "Mixed Format Documents",
          0.6666666666666666
        ],
        [
          "Very Short Documents",
          1.0
        ],
        [
          "No Clear Boundaries",
          0.0
        ],
        [
          "Repeated Headers",
          0.2857142857142857
        ],
        [
          "Real World Scenario",
          0.4444444444444444
        ]
      ]
    },
    {
      "weights": {
        "DetectorType.HEURISTIC": 1.0,
        "DetectorType.EMBEDDINGS": 0.0
      },
      "precision": 0.3076923076923077,