{
  "ground_truth": [
    3,
    5,
    7,
    11,
    12,
    16,
    18,
    21,
    24,
    30,
    32,
    33,
    34
  ],
  "configurations": [
    {
      "name": "Balanced (Equal Weights)",
      "weights": {
        "heuristic": 0.33,
        "embeddings": 0.34,
        "visual": 0.33
      },
      "detected": [
        0,
        2,
        3,
        4,
        5,
        6,
        7,
        10,
        11,
        12,
        13,
        14,
        15,
        16,
        19,
        20,
        21,
        22,
        23,
        24,
        28,
        30,
        32,
        33,
        34,
        35
      ],
      "true_positives": [
        3,
        5,
        7,
        11,
        12,
        16,
        21,
        24,
        30,
        32,
        33,
        34
      ],
      "false_positives": [
        0,
        2,
        4,
        6,
        10,
        13,
        14,
        15,
        19,
        20,
        22,
        23,
        28,
        35
      ],
      "false_negatives": [
        18
      ],
      "precision": 0.46153846153846156,
      "recall": 0.9230769230769231,
      "f1": 0.6153846153846155,
      "time": 2.265808582305908,
      "time_per_page": 0.06293912728627522
    },
    {
      "name": "Embeddings-Heavy",
      "weights": {
        "heuristic": 0.2,
        "embeddings": 0.6,
        "visual": 0.2
      },
      "detected": [
        0,
        2,
        3,
        4,
        5,
        6,
        7,
        10,
        11,
        12,
        14,
        15,
        16,
        19,
        20,
        21,
        23,
        24,
        28,
        30,
        33,
        34,
        35
      ],
      "true_positives": [
        3,
        5,
        7,
        11,
        12,
        16,
        21,
        24,
        30,
        33,
        34
      ],
      "false_positives": [
        0,
        2,
        4,
        6,
        10,
        14,
        15,
        19,
        20,
        23,
        28,
        35
      ],
      "false_negatives": [
        18,
        32
      ],
      "precision": 0.4782608695652174,
      "recall": 0.8461538461538461,
      "f1": 0.6111111111111112,
      "time": 1.988769769668579,
      "time_per_page": 0.055243604713016085
    },
    {
      "name": "Heuristic-Heavy",
      "weights": {
        "heuristic": 0.6,
        "embeddings": 0.2,
        "visual": 0.2
      },
      "detected": [
        0,
        2,
        3,
        4,
        5,
        6,
        7,
        9,
        10,
        11,
        12,
        13,
        14,
        15,
        16,
        19,
        20,
        21,
        22,
        23,
        24,
        28,
        30,
        32,
        33,
        34,
        35
      ],
      "true_positives": [
        3,
        5,
        7,
        11,
        12,
        16,
        21,
        24,
        30,
        32,
        33,
        34
      ],
      "false_positives": [
        0,
        2,
        4,
        6,
        9,
        10,
        13,
        14,
        15,
        19,
        20,
        22,
        23,
        28,
        35
      ],
      "false_negatives": [
        18
      ],
      "precision": 0.4444444444444444,
      "recall": 0.9230769230769231,
      "f1": 0.6,
      "time": 1.9831171035766602,
      "time_per_page": 0.05508658621046278
    },
    {
      "name": "Optimized Weights",
      "weights": {
        "heuristic": 0.25,
        "embeddings": 0.5,
        "visual": 0.25
      },
      "detected": [
        0,
        2,
        3,
        4,
        5,
        6,
        7,
        10,
        11,
        12,
        13,
        14,
        15,
        16,
        19,
        20,
        21,
        23,
        24,
        28,
        30,
        33,
        34,
        35
      ],
      "true_positives": [
        3,
        5,
        7,
        11,
        12,
        16,
        21,
        24,
        30,
        33,
        34
      ],
      "false_positives": [
        0,
        2,
        4,
        6,
        10,
        13,
        14,
        15,
        19,
        20,
        23,
        28,
        35
      ],
      "false_negatives": [
        18,
        32
      ],
      "precision": 0.4583333333333333,
      "recall": 0.8461538461538461,
      "f1": 0.5945945945945945,
      "time": 2.069265604019165,
      "time_per_page": 0.05747960011164347
    },
    {
      "name": "No Visual Detector",
      "weights": {
        "heuristic": 0.4,
        "embeddings": 0.6,
        "visual": 0.0
      },
      "detected": [
        0,
        2,
        3,
        4,
        5,
        6,
        7,
        10,
        11,
        12,
        13,
        14,
        15,
        16,
        19,
        20,
        21,
        23,
        24,
        28,
        30,
        32,
        33,
        34,
        35
      ],
      "true_positives": [
        3,
        5,
        7,
        11,
        12,
        16,
        21,
        24,
        30,
        32,
        33,
        34
      ],
      "false_positives": [
        0,
        2,
        4,
        6,
        10,
        13,
        14,
        15,
        19,
        20,
        23,
        28,
        35
      ],
      "false_negatives": [
        18
      ],
      "precision": 0.48,
      "recall": 0.9230769230769231,
      "f1": 0.631578947368421,
      "time": 1.9046990871429443,
      "time_per_page": 0.0529083079761929
    }
  ]
}