{
  "true_positives": [
    11,
    12,
    16,
    32
  ],
  "false_positives": [
    2,
    4,
    6,
    9,
    13,
    14,
    15,
    22,
    23,
    35
  ],
  "false_negatives": [
    3,
    5,
    7,
    18,
    21,
    24,
    30,
    33,
    34
  ],
  "precision": 0.2857142857142857,
  "recall": 0.3076923076923077,
  "f1": 0.29629629629629634
}