{
  "ground_truth": [
    3,
    5,
    7,
    11,
    12,
    16,
    18,
    21,
    24,
    30,
    32,
    33,
    34
  ],
  "production_config": {
    "detected": [
      2,
      4,
      5,
      6,
      9,
      11,
      12,
      13,
      14,
      15,
      16,
      22,
      23,
      32,
      35
    ],
    "true_positives": [
      5,
      11,
      12,
      16,
      32
    ],
    "false_positives": [
      2,
      4,
      6,
      9,
      13,
      14,
      15,
      22,
      23,
      35
    ],
    "false_negatives": [
      3,
      7,
      18,
      21,
      24,
      30,
      33,
      34
    ],
    "precision": 0.3333333333333333,
    "recall": 0.38461538461538464,
    "f1": 0.3571428571428571
  },
  "improved_config": {
    "detected": [
      2,
      4,
      5,
      6,
      8,
      9,
      11,
      12,
      13,
      14,
      15,
      16,
      22,
      23,
      32,
      35
    ],
    "true_positives": [
      5,
      11,
      12,
      16,
      32
    ],
    "false_positives": [
      2,
      4,
      6,
      8,
      9,
      13,
      14,
      15,
      22,
      23,
      35
    ],
    "false_negatives": [
      3,
      7,
      18,
      21,
      24,
      30,
      33,
      34
    ],
    "precision": 0.3125,
    "recall": 0.38461538461538464,
    "f1": 0.3448275862068966
  },
  "improvements": {
    "f1_change": -0.01231527093596052,
    "recall_change": 0.0,
    "precision_change": -0.020833333333333315,
    "new_detections": [],
    "lost_detections": []
  }
}