{
  "ground_truth": [
    3,
    5,
    7,
    11,
    12,
    16,
    18,
    21,
    24,
    30,
    32,
    33,
    34
  ],
  "ensemble_phase": {
    "boundaries": 36,
    "high_confidence": 19,
    "uncertain": 9,
    "low_confidence": 8,
    "time": 2.3250389099121094
  },
  "llm_phase": {
    "verified": 9,
    "accepted": 9,
    "time": 369
  },
  "final_results": {
    "detected": [
      0,
      1,
      2,
      3,
      4,
      5,
      6,
      7,
      10,
      11,
      12,
      13,
      14,
      15,
      16,
      19,
      20,
      21,
      22,
      23,
      24,
      25,
      28,
      30,
      32,
      33,
      34,
      35
    ],
    "true_positives": [
      3,
      5,
      7,
      11,
      12,
      16,
      21,
      24,
      30,
      32,
      33,
      34
    ],
    "false_positives": [
      0,
      1,
      2,
      4,
      6,
      10,
      13,
      14,
      15,
      19,
      20,
      22,
      23,
      25,
      28,
      35
    ],
    "false_negatives": [
      18
    ],
    "precision": 0.42857142857142855,
    "recall": 0.9230769230769231,
    "f1": 0.5853658536585366,
    "total_time": 371.3250389099121
  },
  "cost_savings": {
    "llm_reduction_percent": 75.0,
    "time_saved_seconds": 1104.674961090088,
    "cost_saved_percent": 75.0
  }
}