{
  "timestamp": "2025-07-05T15:30:22.635529",
  "test_type": "constrained_generation",
  "models": {
    "phi4-mini:3.8b": {
      "regex": {
        "correct": 13,
        "total": 26,
        "errors": 0,
        "by_difficulty": {
          "1": {
            "correct": 2,
            "total": 4
          },
          "2": {
            "correct": 4,
            "total": 4
          },
          "3": {
            "correct": 2,
            "total": 2
          },
          "4": {
            "correct": 0,
            "total": 1
          },
          "5": {
            "correct": 0,
            "total": 3
          },
          "6": {
            "correct": 0,
            "total": 2
          },
          "7": {
            "correct": 1,
            "total": 2
          },
          "8": {
            "correct": 1,
            "total": 2
          },
          "9": {
            "correct": 1,
            "total": 2
          },
          "10": {
            "correct": 2,
            "total": 4
          }
        },
        "timing": [
          5.538758993148804,
          1.8929996490478516,
          3.101408004760742,
          1.9426183700561523,
          2.707622766494751,
          2.0507009029388428,
          2.406611204147339,
          3.6435470581054688,
          2.465789794921875,
          2.018597364425659,
          2.1869049072265625,
          2.016979455947876,
          1.976924180984497,
          2.0315370559692383,
          2.1792538166046143,
          2.750525951385498,
          2.1388895511627197,
          2.1813600063323975,
          2.2401089668273926,
          2.4633538722991943,
          2.0492281913757324,
          1.61476469039917,
          1.7794830799102783,
          1.2969756126403809,
          1.6356356143951416,
          1.8198723793029785
        ],
        "predictions": {
          "Same": 13,
          "Different": 13
        },
        "accuracy": 0.5,
        "f1_score": 0.4347826086956522,
        "precision": 0.38461538461538464,
        "recall": 0.5,
        "avg_time": 2.3127096708004293
      },
      "json": {
        "correct": 16,
        "total": 26,
        "errors": 0,
        "by_difficulty": {
          "1": {
            "correct": 2,
            "total": 4
          },
          "2": {
            "correct": 2,
            "total": 4
          },
          "3": {
            "correct": 1,
            "total": 2
          },
          "4": {
            "correct": 1,
            "total": 1
          },
          "5": {
            "correct": 2,
            "total": 3
          },
          "6": {
            "correct": 1,
            "total": 2
          },
          "7": {
            "correct": 2,
            "total": 2
          },
          "8": {
            "correct": 1,
            "total": 2
          },
          "9": {
            "correct": 1,
            "total": 2
          },
          "10": {
            "correct": 3,
            "total": 4
          }
        },
        "timing": [
          5.961328983306885,
          4.01633095741272,
          5.234999656677246,
          4.061218023300171,
          4.888623952865601,
          4.168989419937134,
          4.842770099639893,
          6.21225905418396,
          5.006078004837036,
          4.9998626708984375,
          5.27596116065979,
          5.030492305755615,
          4.473384857177734,
          4.4540016651153564,
          4.740002870559692,
          5.220829725265503,
          4.617265462875366,
          4.447170972824097,
          4.3865978717803955,
          5.133693695068359,
          4.628299951553345,
          3.9117488861083984,
          4.13070011138916,
          3.6101160049438477,
          4.105430841445923,
          4.251464605331421
        ],
        "predictions": {
          "Same": 26,
          "Different": 0
        },
        "accuracy": 0.6153846153846154,
        "f1_score": 0,
        "precision": 0,
        "recall": 0.0,
        "avg_time": 4.684985454265888
      },
      "xml": {
        "correct": 16,
        "total": 26,
        "errors": 0,
        "by_difficulty": {
          "1": {
            "correct": 2,
            "total": 4
          },
          "2": {
            "correct": 2,
            "total": 4
          },
          "3": {
            "correct": 0,
            "total": 2
          },
          "4": {
            "correct": 1,
            "total": 1
          },
          "5": {
            "correct": 2,
            "total": 3
          },
          "6": {
            "correct": 2,
            "total": 2
          },
          "7": {
            "correct": 2,
            "total": 2
          },
          "8": {
            "correct": 1,
            "total": 2
          },
          "9": {
            "correct": 2,
            "total": 2
          },
          "10": {
            "correct": 2,
            "total": 4
          }
        },
        "timing": [
          5.813227891921997,
          4.59356427192688,
          5.222463130950928,
          3.3799309730529785,
          4.506771087646484,
          3.5823934078216553,
          2.597909450531006,
          5.111423492431641,
          3.5809473991394043,
          3.1387555599212646,
          2.6870296001434326,
          3.5329959392547607,
          3.2722136974334717,
          3.3814494609832764,
          2.5522043704986572,
          4.164749383926392,
          3.204894781112671,
          3.143392562866211,
          3.281393051147461,
          2.486518621444702,
          3.3867623805999756,
          2.952040433883667,
          3.2363476753234863,
          2.155374050140381,
          2.9394917488098145,
          3.0472562313079834
        ],
        "predictions": {
          "Same": 22,
          "Different": 4
        },
        "accuracy": 0.6153846153846154,
        "f1_score": 0.3516483516483517,
        "precision": 0.6153846153846154,
        "recall": 0.24615384615384617,
        "avg_time": 3.4981346405469456
      }
    },
    "gemma3:latest": {
      "regex": {
        "correct": 10,
        "total": 26,
        "errors": 0,
        "by_difficulty": {
          "1": {
            "correct": 1,
            "total": 4
          },
          "2": {
            "correct": 1,
            "total": 4
          },
          "3": {
            "correct": 1,
            "total": 2
          },
          "4": {
            "correct": 0,
            "total": 1
          },
          "5": {
            "correct": 2,
            "total": 3
          },
          "6": {
            "correct": 0,
            "total": 2
          },
          "7": {
            "correct": 1,
            "total": 2
          },
          "8": {
            "correct": 1,
            "total": 2
          },
          "9": {
            "correct": 2,
            "total": 2
          },
          "10": {
            "correct": 1,
            "total": 4
          }
        },
        "timing": [
          4.780291795730591,
          2.112684488296509,
          3.6168487071990967,
          2.185549020767212,
          3.208430528640747,
          2.221534490585327,
          2.6222314834594727,
          4.991446018218994,
          2.654524326324463,
          2.1772735118865967,
          2.4181628227233887,
          2.214815378189087,
          2.219409227371216,
          2.2326226234436035,
          2.389263391494751,
          3.3668315410614014,
          2.2974414825439453,
          2.2225148677825928,
          2.4164764881134033,
          2.9349868297576904,
          2.418318033218384,
          1.7303495407104492,
          1.929441213607788,
          1.5006334781646729,
          1.7477076053619385,
          2.0989856719970703
        ],
        "predictions": {
          "Same": 18,
          "Different": 8
        },
        "accuracy": 0.38461538461538464,
        "f1_score": 0.3418803418803419,
        "precision": 0.38461538461538464,