{
  "timestamp": "2025-07-08T10:00:07.419176",
  "num_test_cases": 26,
  "results": [
    {
      "model": "gemma3:1b-it-q4_K_M",
      "prompt": "optimal",
      "correct": 5,
      "total": 26,
      "timings": [
        8.525113821029663,
        7.6643970012664795,
        6.8881847858428955,
        7.867287874221802,
        9.145715236663818,
        6.533359050750732,
        8.19175672531128,
        8.766870021820068,
        8.21230936050415,
        7.939331531524658,
        7.995888948440552,
        7.586723566055298,
        8.05827784538269,
        8.068937540054321,
        8.007800817489624,
        7.07385778427124,
        7.961986303329468,
        7.915101051330566,
        8.036422967910767,
        7.708251237869263,
        7.945681571960449,
        7.949829816818237,
        7.712447643280029,
        7.438967227935791,
        7.873563766479492,
        8.079519271850586
      ],
      "cold_start": 6.3315980434417725,
      "errors": 0,
      "accuracy": 0.19230769230769232,
      "avg_time": 7.890291644976689,
      "median_time": 7.947755694389343,
      "std_time": 0.5300408271303022,
      "min_time": 6.533359050750732,
      "max_time": 9.145715236663818,
      "p95_time": 8.766870021820068
    },
    {
      "model": "gemma3:1b-it-q4_K_M",
      "prompt": "compressed",
      "correct": 0,
      "total": 26,
      "timings": [
        0.2881491184234619,
        0.42272400856018066,
        0.9314930438995361,
        0.49220895767211914,
        0.8476777076721191,
        0.7892334461212158,
        0.6854898929595947,
        1.1282286643981934,
        0.6155619621276855,
        0.5453701019287109,
        0.5962882041931152,
        0.5560774803161621,
        0.6207668781280518,
        0.5274550914764404,
        0.5946016311645508,
        0.7986679077148438,
        0.554210901260376,
        0.5677657127380371,
        0.5962190628051758,
        0.7433090209960938,
        0.5602047443389893,
        0.4333193302154541,
        0.4832298755645752,
        0.37470531463623047,
        0.39489102363586426,
        0.5210564136505127
      ],
      "cold_start": 3.447072744369507,
      "errors": 0,
      "accuracy": 0.0,
      "avg_time": 0.6026502114075881,
      "median_time": 0.5639852285385132,
      "std_time": 0.1843474167566895,
      "min_time": 0.2881491184234619,
      "max_time": 1.1282286643981934,
      "p95_time": 0.9314930438995361
    },
    {
      "model": "gemma3:1b-it-q4_K_M",
      "prompt": "minimal",
      "correct": 15,
      "total": 26,
      "timings": [
        0.41870784759521484,
        0.6556470394134521,
        1.1646294593811035,
        0.7860813140869141,
        1.0144164562225342,
        0.7963643074035645,
        0.853846549987793,
        1.3887760639190674,
        0.9023735523223877,
        0.7307884693145752,
        0.8262155055999756,
        0.8053641319274902,
        0.7924704551696777,
        0.7491152286529541,
        0.7451536655426025,
        1.0279719829559326,
        0.8162024021148682,
        0.7434375286102295,
        0.8186781406402588,
        0.9368786811828613,
        0.7577712535858154,
        0.7655589580535889,
        0.7086718082427979,
        0.6137814521789551,
        0.6229119300842285,
        0.7660367488861084
      ],
      "cold_start": 1.8618099689483643,
      "errors": 0,
      "accuracy": 0.5769230769230769,
      "avg_time": 0.8156865743490366,
      "median_time": 0.7892758846282959,
      "std_time": 0.18581454405895334,
      "min_time": 0.41870784759521484,
      "max_time": 1.3887760639190674,
      "p95_time": 1.1646294593811035
    },
    {
      "model": "qwen3:0.6b",
      "prompt": "compressed",
      "correct": 0,
      "total": 26,
      "timings": [
        1.1423664093017578,
        1.1607699394226074,
        1.2876553535461426,
        1.1974077224731445,
        1.2770450115203857,
        1.2202463150024414,
        1.2553651332855225,
        1.3964924812316895,
        1.2406890392303467,
        1.2008535861968994,
        1.22267484664917,
        1.2060551643371582,
        1.2153115272521973,
        1.2174324989318848,
        1.2147059440612793,
        1.3067996501922607,
        1.2132618427276611,
        1.21622633934021,
        1.2278578281402588,
        1.2620384693145752,
        1.243255615234375,
        1.1779375076293945,
        1.2007362842559814,
        1.1607201099395752,
        1.1700310707092285,
        1.217134714126587
      ],
      "cold_start": 2.887293577194214,
      "errors": 0,
      "accuracy": 0.0,
      "avg_time": 1.2250411693866436,
      "median_time": 1.2166805267333984,
      "std_time": 0.052456679323548396,
      "min_time": 1.1423664093017578,
      "max_time": 1.3964924812316895,
      "p95_time": 1.3067996501922607
    },
    {
      "model": "qwen3:0.6b",
      "prompt": "minimal",
      "correct": 0,
      "total": 26,
      "timings": [
        1.1690809726715088,
        1.1990509033203125,
        1.3148760795593262,
        1.2274024486541748,
        1.2861933708190918,
        1.2186520099639893,
        1.2562909126281738,
        1.408937931060791,
        1.2536146640777588,
        1.2006733417510986,
        1.2332663536071777,
        1.21590256690979,
        1.20751953125,
        1.2190501689910889,
        1.2212514877319336,
        1.3139615058898926,
        1.209707260131836,
        1.2026896476745605,
        1.2155051231384277,
        1.2778668403625488,
        1.2237050533294678,
        1.1779367923736572,
        1.1972498893737793,
        1.1472420692443848,
        1.182997226715088,
        1.1998529434204102
      ],
      "cold_start": 1.2859866619110107,
      "errors": 0,
      "accuracy": 0.0,
      "avg_time": 1.2300183497942412,
      "median_time": 1.2172772884368896,
      "std_time": 0.05466381731392355,
      "min_time": 1.1472420692443848,
      "max_time": 1.408937931060791,
      "p95_time": 1.3148760795593262
    },
    {
      "model": "granite3.3:2b",
      "prompt": "compressed",
      "correct": 0,
      "total": 26,
      "timings": [
        0.5139760971069336,
        1.3638513088226318,
        2.6922361850738525,
        1.363408088684082,
        2.387432336807251,
        1.421344518661499,
        1.9834091663360596,
        3.641177177429199,
        1.9699723720550537,
        1.4249205589294434,
        1.83449387550354,
        1.8058497905731201,
        1.530167818069458,
        1.60880446434021,
        1.620295524597168,
        2.4380791187286377,
        1.459611415863037,
        1.462482213973999,
        1.5771112442016602,
        2.1495261192321777,
        1.5642333030700684,
        1.0138154029846191,
        1.171919584274292,
        0.8043391704559326,
        1.0062944889068604,
        1.4470717906951904
      ],
      "cold_start": 7.532686710357666,
      "errors": 0,
      "accuracy": 0.0,
      "avg_time": 1.6636855052067683,
      "median_time": 1.5472005605697632,
      "std_time": 0.638590492725828,
      "min_time": 0.5139760971069336,
      "max_time": 3.641177177429199,
      "p95_time": 2.6922361850738525
    },
    {
      "model": "granite3.3:2b",
      "prompt": "minimal",
      "correct": 0,
      "total": 26,
      "timings": [
        0.5280485153198242,
        1.4055089950561523,
        2.7840559482574463,
        1.347287893295288,
        2.3589720726013184,
        1.474172592163086,
        2.0307633876800537,
        3.7085647583007812,
        1.9709317684173584,
        1.3701753616333008,
        1.8241605758666992,
        1.808154582977295,
        1.5508995056152344,
        1.5236618518829346,
        1.591325283050537,
        2.4516026973724365,
        1.444582223892212,
        1.4441683292388916,
        1.620013952255249,
        2.0399248600006104,
        1.5983960628509521,
        1.0282323360443115,
        1.303335428237915,
        0.8544485569000244,
        1.004091501235962,
        1.3621594905853271
      ],